{"0": [104.7375, 130.3875, 141.7875, -0.06329113924050633, 0.0, 0.41798941798941797, 78.375, 141.7875], "1": [64.125, 89.0625, 130.3875, -0.3939393939393941, 0.0, 0.33879781420765015, 63.4125, 130.3875], "2": [61.275, 89.0625, 120.4125, -0.3225806451612903, 0.0, 0.3129251700680271, 61.275, 120.4125], "3": [95.475, 131.1, 141.7875, -0.07843137254901958, 0.0, 0.4568527918781726, 76.2375, 141.7875], "4": [198.7875, 232.9875, 376.9125, -0.16491228070175445, 0.0, 0.43034055727554177, 131.1, 376.9125], "5": [116.1375, 163.875, 177.4125, -0.20245398773006137, 0.0, 0.5846774193548386, 73.3875, 177.4125], "6": [194.5125, 233.7, 376.9125, -0.14137931034482762, 0.0, 0.5952890792291221, 134.6625, 376.9125], "7": [163.875, 210.1875, 241.5375, -0.1822033898305084, 0.0, 0.5297805642633229, 106.875, 241.5375], "8": [218.025, 312.7875, 369.7875, -0.08478802992518712, 0.0, 0.6583143507972665, 106.875, 369.7875], "9": [202.35, 235.125, 376.9125, -0.15034965034965028, 0.0, 0.39263803680981596, 190.2375, 376.9125], "10": [140.3625, 224.4375, 253.65, -0.1326164874551972, 0.0, 0.82370820668693, 41.325, 253.65], "11": [182.4, 234.4125, 260.775, -0.24260355029585803, 0.0, 0.5015197568389058, 116.85, 299.25], "12": [141.7875, 213.0375, 268.6125, -0.0492957746478873, 0.0, 0.5015673981191223, 103.3125, 268.6125], "13": [141.075, 213.0375, 275.025, -0.20400000000000004, 0.0, 0.7157190635451505, 60.5625, 275.025], "14": [355.5375, 469.5375, 533.6625, -0.25041736227045075, 0.0, 0.3733905579399142, 306.375, 533.6625], "15": [355.5375, 469.5375, 533.6625, -0.25041736227045075, 0.0, 0.4032042723631509, 304.95, 533.6625], "16": [61.275, 104.025, 120.4125, -0.5151515151515152, 0.0, 0.31967213114754095, 59.1375, 120.4125], "17": [68.4, 111.8625, 321.3375, -0.07482993197278917, 0.0, 0.7804878048780488, 65.55, 219.45], "18": [177.4125, 205.9125, 213.0375, -0.05474452554744526, 0.0, 0.3377926421404683, 141.075, 215.175], "19": [78.375, 111.8625, 191.6625, -0.012820512820512794, 0.0, 0.6283524904214559, 64.125, 191.6625], "20": [173.1375, 205.9125, 213.0375, -0.03460207612456748, 0.0, 0.3377926421404683, 141.075, 213.0375], "21": [355.5375, 469.5375, 533.6625, -0.25041736227045075, 0.0, 0.4032042723631509, 316.35, 533.6625], "22": [309.9375, 355.5375, 355.5375, 0.0, 0.0, 0.2244488977955912, 275.7375, 355.5375], "23": [177.4125, 213.0375, 234.4125, -0.20080321285140562, 0.0, 0.22742474916387956, 164.5875, 234.4125], "24": [127.5375, 177.4125, 191.6625, -0.21999999999999997, 0.0, 0.5983935742971888, 71.25, 191.6625], "25": [376.9125, 483.7875, 562.1625, -0.08640000000000005, 0.0, 0.42386831275720166, 284.2875, 562.1625], "26": [320.625, 355.5375, 355.5375, 0.0, 0.0, 0.24016563146997924, 261.4875, 355.5375], "27": [177.4125, 213.0375, 234.4125, -0.20080321285140562, 0.0, 0.3110367892976588, 146.775, 234.4125]}